{
  "method": "LSTM Autoencoder (TF-IDF 500d, n-gram=5)",
  "f1": 0.072,
  "precision": 0.0678,
  "recall": 0.0767,
  "accuracy": 0.7936,
  "threshold": 0.56012,
  "n_anomalies": 649,
  "anomaly_pct": 11.8,
  "params": {
    "input_dim": 500,
    "hidden_dim": 128,
    "latent_dim": 64,
    "epochs": 20,
    "batch_size": 1024,
    "dropout": 0.2,
    "activation": "SeLU",
    "optimizer": "Adam",
    "loss": "MAE"
  },
  "train_losses": [
    0.7211163240519877,
    0.6494186137654454,
    0.5785074054287169,
    0.5387394273583659,
    0.5281846113495415,
    0.5195686571489131,
    0.514482241536155,
    0.5105704763092971,
    0.5070237115433979,
    0.5028636046351516,
    0.49866769103834474,
    0.49546502305771495,
    0.49237862180937364,
    0.48907327954539187,
    0.4863149811592199,
    0.484095434464779,
    0.48226080422474044,
    0.48087074571454586,
    0.4795316750628089,
    0.4780455694767424
  ]
}